"","nF","AUCROC","AUCPR","Accuracy","Sensitivity","Specificity","Precision","F1","MCC"
"1",14000,0.540847378277154,0.476874782759819,0.671532846715328,0.104166666666667,0.97752808988764,0.714285714285714,0.181818181818182,0.17700645681851
