"","nF","AUCROC","AUCPR","Accuracy","Sensitivity","Specificity","Precision","F1","MCC"
"1",14000,0.579119850187266,0.23784869575058,0.627737226277372,0.416666666666667,0.741573033707865,0.465116279069767,0.43956043956044,0.162679533871106
