"","nF","AUCROC","AUCPR","Accuracy","Sensitivity","Specificity","Precision","F1","MCC"
"1",14000,0.634480337078652,0.262602645985401,0.693430656934307,0.4375,0.831460674157303,0.583333333333333,0.5,0.291536187036342
