"","nF","AUCROC","AUCPR","Accuracy","Sensitivity","Specificity","Precision","F1","MCC"
"1",14000,0.503316749585406,0.316955967441404,0.621359223300971,0.111111111111111,0.895522388059702,0.363636363636364,0.170212765957447,0.0102409695461928
