"","nF","AUCROC","AUCPR","Accuracy","Sensitivity","Specificity","Precision","F1","MCC"
"1",14000,0.67064606741573,0.377346193952033,0.759124087591241,0.375,0.966292134831461,0.857142857142857,0.521739130434783,0.451963392639078
